{"cameraMode":{"drawMode":0,"name":"Shaded","section":"Shading Mode"},"sceneLighting":false,"audioPlay":false,"sceneViewState":{"m_AlwaysRefresh":false,"showFog":true,"showSkybox":false,"showFlares":true,"showImageEffects":true,"showParticleSystems":true,"showVisualEffectGraphs":true,"m_FxEnabled":true},"in2DMode":false,"pivot":{"x":1.9636807441711426,"y":30.940000534057618,"z":17.190000534057618},"rotation":{"x":0.20384572446346284,"y":0.5128036141395569,"z":-0.12675036489963532,"w":0.8243064880371094},"size":0.8660253882408142,"orthographic":true}