{"cameraMode":{"drawMode":0,"name":"Shaded","section":"Shading Mode"},"sceneLighting":true,"audioPlay":false,"sceneViewState":{"m_AlwaysRefresh":false,"showFog":true,"showSkybox":true,"showFlares":true,"showImageEffects":true,"showParticleSystems":true,"showVisualEffectGraphs":true,"m_FxEnabled":true},"in2DMode":false,"pivot":{"x":2.409221649169922,"y":29.809589385986329,"z":2.2263450622558595},"rotation":{"x":-0.21869328618049622,"y":0.769405722618103,"z":-0.34027013182640078,"w":-0.4944678544998169},"size":22.020164489746095,"orthographic":true}